query	Vibrio cholerae O1 biovar El Tor str. N1696	Bacillus anthracis str. Sterne	Bacillus subtilis subsp. subtilis str. 168	Vibrio metschnikovii CIP 69.14	Vibrio proteolyticus NBRC 13287
Vibrio cholerae O1 biovar El Tor str. N1696	100.0 	0.07261663373419726 	0.07118513498359329 	54.36901514546264 	44.788042675349274 
Bacillus anthracis str. Sterne	0.05500964420673115 	100.0 	15.58978834611578 	0.05164522866566991 	0.04982460002722972 
Bacillus subtilis subsp. subtilis str. 168	0.04073166330593946 	13.455122417566473 	100.0 	0.04631901723790284 	0.03584764100796325 
Vibrio metschnikovii CIP 69.14	50.17431399995444 	0.03842719984945157 	0.039005553415667554 	100.0 	38.843417504077216 
Vibrio proteolyticus NBRC 13287	54.47014675662086 	0.055234610624725705 	0.04290610875723431 	50.90745327200581 	100.0 
