query	GCF_000006745.1_ASM674v1_genomic_converted.faa	GCF_000008165.1_ASM816v1_genomic_converted.faa	GCF_000009045.1_ASM904v1_genomic_converted.faa	GCF_000176155.1_ASM17615v1_genomic_converted.faa	GCF_000467125.1_ASM46712v1_genomic_converted.faa
GCF_000009045.1_ASM904v1_genomic_converted.faa	0.04073166330593946 	13.455122417566473 	100.0 	0.04631901723790284 	0.03584764100796325 
