query	GCF_000006745.1_ASM674v1_genomic_converted.faa	GCF_000008165.1_ASM816v1_genomic_converted.faa	GCF_000009045.1_ASM904v1_genomic_converted.faa	GCF_000176155.1_ASM17615v1_genomic_converted.faa	GCF_000467125.1_ASM46712v1_genomic_converted.faa
GCF_000006745.1_ASM674v1_genomic_converted.faa	100.0 	0.191692434861 	0.13336931311 	40.8794630895 	43.8000936184 
