query	GCF_000006745.1_ASM674v1_genomic_converted.faa	GCF_000008165.1_ASM816v1_genomic_converted.faa	GCF_000009045.1_ASM904v1_genomic_converted.faa	GCF_000176155.1_ASM17615v1_genomic_converted.faa	GCF_000467125.1_ASM46712v1_genomic_converted.faa
GCF_000467125.1_ASM46712v1_genomic_converted.faa	54.47014675662086 	0.055234610624725705 	0.04290610875723431 	50.90745327200581 	100.0 
