query	GCF_000006745.1_ASM674v1_genomic_converted.faa	GCF_000008165.1_ASM816v1_genomic_converted.faa	GCF_000009045.1_ASM904v1_genomic_converted.faa	GCF_000176155.1_ASM17615v1_genomic_converted.faa	GCF_000467125.1_ASM46712v1_genomic_converted.faa
GCF_000008165.1_ASM816v1_genomic_converted.faa	9.071929200604404e-05	100.0	1.5042908399248298	4.629636010041664e-05	6.775542917401843e-05
