query	Vibrio cholerae O1 biovar El Tor str. N1696	Bacillus anthracis str. Sterne	Bacillus subtilis subsp. subtilis str. 168	Vibrio metschnikovii CIP 69.14	Vibrio proteolyticus NBRC 13287
Vibrio cholerae O1 biovar El Tor str. N1696	99.99625632384607	0.3340070201325732	0.45971658709383284	9.036505610059821	7.098985088754493
Bacillus anthracis str. Sterne	0.5868969089687243	100.0	1.6415795130573059	0.6776862103802545	0.4836202335727285
Bacillus subtilis subsp. subtilis str. 168	0.5671833809252323	1.2574931949371742	100.0	0.5914766483211104	0.3744419443248881
Vibrio metschnikovii CIP 69.14	7.605853223551897	0.2312862106707365	0.2791504083809152	99.93027718777172	4.725050692291588
Vibrio proteolyticus NBRC 13287	7.934373253233889	0.06528026721276643	0.05838616210806097	5.450867596750061	99.74582444691741
