query	GCF_000006745.1_ASM674v1_genomic.fna	GCF_000008165.1_ASM816v1_genomic.fna	GCF_000009045.1_ASM904v1_genomic.fna	GCF_000176155.1_ASM17615v1_genomic.fna	GCF_000467125.1_ASM46712v1_genomic.fna
GCF_000008165.1_ASM816v1_genomic.fna	0.5868969089687243	100.0	1.6415795130573059	0.6776862103802545	0.4836202335727285
