query	GCF_000006745.1_ASM674v1_genomic.fna	GCF_000008165.1_ASM816v1_genomic.fna	GCF_000009045.1_ASM904v1_genomic.fna	GCF_000176155.1_ASM17615v1_genomic.fna	GCF_000467125.1_ASM46712v1_genomic.fna
GCF_000006745.1_ASM674v1_genomic.fna	99.9999752107 	81.1038939259 	80.3142976731 	84.6490345259 	82.682148307 
