query	GCF_000006745.1_ASM674v1_genomic.fna	GCF_000008165.1_ASM816v1_genomic.fna	GCF_000009045.1_ASM904v1_genomic.fna	GCF_000176155.1_ASM17615v1_genomic.fna	GCF_000467125.1_ASM46712v1_genomic.fna
GCF_000176155.1_ASM17615v1_genomic.fna	83.2634950399 	81.8433711522 	81.732750137 	99.9999214229 	83.2123991051 
