query	GCF_000006745.1_ASM674v1_genomic.fna	GCF_000008165.1_ASM816v1_genomic.fna	GCF_000009045.1_ASM904v1_genomic.fna	GCF_000176155.1_ASM17615v1_genomic.fna	GCF_000467125.1_ASM46712v1_genomic.fna
GCF_000006745.1_ASM674v1_genomic.fna	99.99628111221521 	0.41182612075018027 	0.5723969460144046 	10.6752612840394 	8.585874017682713 
