query	GCF_000006745.1_ASM674v1_genomic.fna	GCF_000008165.1_ASM816v1_genomic.fna	GCF_000009045.1_ASM904v1_genomic.fna	GCF_000176155.1_ASM17615v1_genomic.fna	GCF_000467125.1_ASM46712v1_genomic.fna
GCF_000009045.1_ASM904v1_genomic.fna	0.7062167903320817 	1.4514417930549357 	100.0 	0.7363894166890994 	0.45537503748257047 
