query	GCF_000006745.1_ASM674v1_genomic.fna	GCF_000008165.1_ASM816v1_genomic.fna	GCF_000009045.1_ASM904v1_genomic.fna	GCF_000176155.1_ASM17615v1_genomic.fna	GCF_000467125.1_ASM46712v1_genomic.fna
GCF_000006745.1_ASM674v1_genomic.fna	99.99625632384607	0.3340070201325732	0.45971658709383284	9.036505610059821	7.098985088754493
