query	GCF_000006745.1_ASM674v1_genomic.fna	GCF_000008165.1_ASM816v1_genomic.fna	GCF_000009045.1_ASM904v1_genomic.fna	GCF_000176155.1_ASM17615v1_genomic.fna	GCF_000467125.1_ASM46712v1_genomic.fna
GCF_000009045.1_ASM904v1_genomic.fna	80.3129277992 	86.63752146 	100.0 	80.3211772082 	82.2271564104 
