query	Vibrio cholerae O1 biovar El Tor str. N1696	Bacillus anthracis str. Sterne	Bacillus subtilis subsp. subtilis str. 168	Vibrio metschnikovii CIP 69.14	Vibrio proteolyticus NBRC 13287
Vibrio cholerae O1 biovar El Tor str. N1696	99.99628111221521 	0.41182612075018027 	0.5723969460144046 	10.6752612840394 	8.585874017682713 
Bacillus anthracis str. Sterne	0.7228526150227199 	100.0 	1.890001105416398 	0.842179538628204 	0.5997000551465281 
Bacillus subtilis subsp. subtilis str. 168	0.7062167903320817 	1.4514417930549357 	100.0 	0.7363894166890994 	0.45537503748257047 
Vibrio metschnikovii CIP 69.14	9.134679273200405 	0.28259614360305874 	0.3415404570540985 	99.93035571011094 	5.678301242493213 
Vibrio proteolyticus NBRC 13287	9.626291445764732 	0.07931281859243941 	0.06618265558973016 	6.567375280497161 	99.74582444691741 
