query	GCF_000006745.1_ASM674v1_genomic.fna	GCF_000008165.1_ASM816v1_genomic.fna	GCF_000009045.1_ASM904v1_genomic.fna	GCF_000176155.1_ASM17615v1_genomic.fna	GCF_000467125.1_ASM46712v1_genomic.fna
GCF_000467125.1_ASM46712v1_genomic.fna	9.626291445764732 	0.07931281859243941 	0.06618265558973016 	6.567375280497161 	99.74582444691741 
