query	GCF_000006745.1_ASM674v1_genomic.fna	GCF_000008165.1_ASM816v1_genomic.fna	GCF_000009045.1_ASM904v1_genomic.fna	GCF_000176155.1_ASM17615v1_genomic.fna	GCF_000467125.1_ASM46712v1_genomic.fna
GCF_000467125.1_ASM46712v1_genomic.fna	82.4239874508 	82.307334894 	88.2197330823 	82.9991794886 	100.0 
