query	GCF_000006745.1_ASM674v1_genomic.fna	GCF_000008165.1_ASM816v1_genomic.fna	GCF_000009045.1_ASM904v1_genomic.fna	GCF_000176155.1_ASM17615v1_genomic.fna	GCF_000467125.1_ASM46712v1_genomic.fna
GCF_000009045.1_ASM904v1_genomic.fna	0.5671833809252323	1.2574931949371742	100.0	0.5914766483211104	0.3744419443248881
