query	GCF_000006745.1_ASM674v1_genomic_converted.faa	GCF_000008165.1_ASM816v1_genomic_converted.faa	GCF_000009045.1_ASM904v1_genomic_converted.faa	GCF_000176155.1_ASM17615v1_genomic_converted.faa	GCF_000467125.1_ASM46712v1_genomic_converted.faa
GCF_000006745.1_ASM674v1_genomic_converted.faa	100.0 	0.191692434861 	0.13336931311 	40.8794630895 	43.8000936184 
GCF_000008165.1_ASM816v1_genomic_converted.faa	0.164915249524 	100.0 	9.64920630433 	0.0896430537661 	0.135987903841 
GCF_000009045.1_ASM904v1_genomic_converted.faa	0.0734526189516 	11.0436736229 	100.0 	0.107069140386 	0.124902448079 
GCF_000176155.1_ASM17615v1_genomic_converted.faa	44.5674533294 	0.112198603358 	0.117182425668 	100.0 	40.843225701 
GCF_000467125.1_ASM46712v1_genomic_converted.faa	35.7324816537 	0.189683927197 	0.121169848684 	30.6908682947 	99.9990759991 
