query	GCF_000006745.1_ASM674v1_genomic_converted.faa	GCF_000008165.1_ASM816v1_genomic_converted.faa	GCF_000009045.1_ASM904v1_genomic_converted.faa	GCF_000176155.1_ASM17615v1_genomic_converted.faa	GCF_000467125.1_ASM46712v1_genomic_converted.faa
GCF_000006745.1_ASM674v1_genomic_converted.faa	100.0	0.00013920059331948116	9.493912556393905e-05	22.225761478502523	19.617204621658423
GCF_000008165.1_ASM816v1_genomic_converted.faa	9.071929200604404e-05	100.0	1.5042908399248298	4.629636010041664e-05	6.775542917401843e-05
GCF_000009045.1_ASM904v1_genomic_converted.faa	2.991847344076088e-05	1.485939805351759	100.0	4.959337359174574e-05	4.477458119751072e-05
GCF_000176155.1_ASM17615v1_genomic_converted.faa	22.361413975251708	4.3114781540833055e-05	4.570765363772662e-05	100.0	15.864904681176018
GCF_000467125.1_ASM46712v1_genomic_converted.faa	19.463535196579674	0.00010477117860490012	5.198926705743983e-05	15.62393943591101	99.999075999076
