query	GCF_000006745.1_ASM674v1_genomic_converted.faa	GCF_000008165.1_ASM816v1_genomic_converted.faa	GCF_000009045.1_ASM904v1_genomic_converted.faa	GCF_000176155.1_ASM17615v1_genomic_converted.faa	GCF_000467125.1_ASM46712v1_genomic_converted.faa
GCF_000467125.1_ASM46712v1_genomic_converted.faa	19.463535196579674	0.00010477117860490012	5.198926705743983e-05	15.62393943591101	99.999075999076
