query	GCF_000006745.1_ASM674v1_genomic_converted.faa	GCF_000008165.1_ASM816v1_genomic_converted.faa	GCF_000009045.1_ASM904v1_genomic_converted.faa	GCF_000176155.1_ASM17615v1_genomic_converted.faa	GCF_000467125.1_ASM46712v1_genomic_converted.faa
GCF_000176155.1_ASM17615v1_genomic_converted.faa	50.17431399995444 	0.03842719984945157 	0.039005553415667554 	100.0 	38.843417504077216 
