query	GCF_000006745.1_ASM674v1_genomic_converted.faa	GCF_000008165.1_ASM816v1_genomic_converted.faa	GCF_000009045.1_ASM904v1_genomic_converted.faa	GCF_000176155.1_ASM17615v1_genomic_converted.faa	GCF_000467125.1_ASM46712v1_genomic_converted.faa
GCF_000008165.1_ASM816v1_genomic_converted.faa	0.164915249524 	100.0 	9.64920630433 	0.0896430537661 	0.135987903841 
