query	Vibrio cholerae O1 biovar El Tor str. N1696	Bacillus anthracis str. Sterne	Bacillus subtilis subsp. subtilis str. 168	Vibrio metschnikovii CIP 69.14	Vibrio proteolyticus NBRC 13287
Vibrio cholerae O1 biovar El Tor str. N1696	100.0	0.00013920059331948116	9.493912556393905e-05	22.225761478502523	19.617204621658423
Bacillus anthracis str. Sterne	9.071929200604404e-05	100.0	1.5042908399248298	4.629636010041664e-05	6.775542917401843e-05
Bacillus subtilis subsp. subtilis str. 168	2.991847344076088e-05	1.485939805351759	100.0	4.959337359174574e-05	4.477458119751072e-05
Vibrio metschnikovii CIP 69.14	22.361413975251708	4.3114781540833055e-05	4.570765363772662e-05	100.0	15.864904681176018
Vibrio proteolyticus NBRC 13287	19.463535196579674	0.00010477117860490012	5.198926705743983e-05	15.62393943591101	99.999075999076
