query	GCF_000006745.1_ASM674v1_genomic_converted.faa	GCF_000008165.1_ASM816v1_genomic_converted.faa	GCF_000009045.1_ASM904v1_genomic_converted.faa	GCF_000176155.1_ASM17615v1_genomic_converted.faa	GCF_000467125.1_ASM46712v1_genomic_converted.faa
GCF_000006745.1_ASM674v1_genomic_converted.faa	100.0 	0.07261663373419726 	0.07118513498359329 	54.36901514546264 	44.788042675349274 
GCF_000008165.1_ASM816v1_genomic_converted.faa	0.05500964420673115 	100.0 	15.58978834611578 	0.05164522866566991 	0.04982460002722972 
GCF_000009045.1_ASM904v1_genomic_converted.faa	0.04073166330593946 	13.455122417566473 	100.0 	0.04631901723790284 	0.03584764100796325 
GCF_000176155.1_ASM17615v1_genomic_converted.faa	50.17431399995444 	0.03842719984945157 	0.039005553415667554 	100.0 	38.843417504077216 
GCF_000467125.1_ASM46712v1_genomic_converted.faa	54.47014675662086 	0.055234610624725705 	0.04290610875723431 	50.90745327200581 	100.0 
