query	GCF_000006745.1_ASM674v1_genomic_converted.faa	GCF_000008165.1_ASM816v1_genomic_converted.faa	GCF_000009045.1_ASM904v1_genomic_converted.faa	GCF_000176155.1_ASM17615v1_genomic_converted.faa	GCF_000467125.1_ASM46712v1_genomic_converted.faa
GCF_000176155.1_ASM17615v1_genomic_converted.faa	22.361413975251708	4.3114781540833055e-05	4.570765363772662e-05	100.0	15.864904681176018
