query	GCF_000006745.1_ASM674v1_genomic_converted.faa	GCF_000008165.1_ASM816v1_genomic_converted.faa	GCF_000009045.1_ASM904v1_genomic_converted.faa	GCF_000176155.1_ASM17615v1_genomic_converted.faa	GCF_000467125.1_ASM46712v1_genomic_converted.faa
GCF_000008165.1_ASM816v1_genomic_converted.faa	0.05500964420673115 	100.0 	15.58978834611578 	0.05164522866566991 	0.04982460002722972 
