query	GCF_000006745.1_ASM674v1_genomic_converted.faa	GCF_000008165.1_ASM816v1_genomic_converted.faa	GCF_000009045.1_ASM904v1_genomic_converted.faa	GCF_000176155.1_ASM17615v1_genomic_converted.faa	GCF_000467125.1_ASM46712v1_genomic_converted.faa
GCF_000467125.1_ASM46712v1_genomic_converted.faa	35.7324816537 	0.189683927197 	0.121169848684 	30.6908682947 	99.9990759991 
