query	GCF_000006745.1_ASM674v1_genomic_converted.faa	GCF_000008165.1_ASM816v1_genomic_converted.faa	GCF_000009045.1_ASM904v1_genomic_converted.faa	GCF_000176155.1_ASM17615v1_genomic_converted.faa	GCF_000467125.1_ASM46712v1_genomic_converted.faa
GCF_000006745.1_ASM674v1_genomic_converted.faa	100.0 	0.07261663373419726 	0.07118513498359329 	54.36901514546264 	44.788042675349274 
