query	GCF_000006745.1_ASM674v1_genomic_converted.faa	GCF_000008165.1_ASM816v1_genomic_converted.faa	GCF_000009045.1_ASM904v1_genomic_converted.faa	GCF_000176155.1_ASM17615v1_genomic_converted.faa	GCF_000467125.1_ASM46712v1_genomic_converted.faa
GCF_000009045.1_ASM904v1_genomic_converted.faa	2.991847344076088e-05	1.485939805351759	100.0	4.959337359174574e-05	4.477458119751072e-05
