query	GCF_000006745.1_ASM674v1_genomic.fna	GCF_000008165.1_ASM816v1_genomic.fna	GCF_000009045.1_ASM904v1_genomic.fna	GCF_000176155.1_ASM17615v1_genomic.fna	GCF_000467125.1_ASM46712v1_genomic.fna
GCF_000176155.1_ASM17615v1_genomic.fna	7.605853223551897	0.2312862106707365	0.2791504083809152	99.93027718777172	4.725050692291588
