query	GCF_000006745.1_ASM674v1_genomic.fna	GCF_000008165.1_ASM816v1_genomic.fna	GCF_000009045.1_ASM904v1_genomic.fna	GCF_000176155.1_ASM17615v1_genomic.fna	GCF_000467125.1_ASM46712v1_genomic.fna
GCF_000467125.1_ASM46712v1_genomic.fna	7.934373253233889	0.06528026721276643	0.05838616210806097	5.450867596750061	99.74582444691741
