query	GCF_000006745.1_ASM674v1_genomic.fna	GCF_000008165.1_ASM816v1_genomic.fna	GCF_000009045.1_ASM904v1_genomic.fna	GCF_000176155.1_ASM17615v1_genomic.fna	GCF_000467125.1_ASM46712v1_genomic.fna
GCF_000176155.1_ASM17615v1_genomic.fna	9.134679273200405 	0.28259614360305874 	0.3415404570540985 	99.93035571011094 	5.678301242493213 
